№ выборки,Тип выборки,Среднее (своё),Дисперсия (своя),Стандартное отклонение (своё),Среднее (numpy),Дисперсия (numpy),Стандартное отклонение (numpy)
1,Uniform 100,9.793440488258925,6.768560319235035,2.601645694408644,9.79344048825893,6.768560319235036,2.601645694408644
2,Bernoulli 100,0.79,0.1675757575757577,0.40936018074033254,0.79,0.1675757575757576,0.40936018074033237
3,Binomial 100,12.17,3.193030303030302,1.786905230567727,12.17,3.1930303030303033,1.7869052305677275
4,Normal 100,9.782725851187879,4.574068235486896,2.1387071411221537,9.782725851187875,4.574068235486897,2.138707141122154
5,Uniform 1000,10.049401769907858,8.071348998126698,2.8410119672621406,10.049401769907854,8.0713489981267,2.841011967262141
6,Bernoulli 1000,0.706,0.20777177177177042,0.45581988961844394,0.706,0.20777177177177172,0.4558198896184454
7,Binomial 1000,11.966,4.485329329329303,2.1178596103918936,11.966,4.48532932932933,2.1178596103919
8,Normal 1000,10.034568665961666,4.071569129170019,2.017812956933823,10.034568665961668,4.071569129170019,2.017812956933823
